магазин японских презервативов	55.885548	37.602339	127549,Moscow,улица Пришвина,22
Аптека Мосфарм	55.83385379999999	37.9309029999999	143912,Moscow Oblast,улица Дмитриева,26
Аптека	55.819717000000004	37.4947211	125171,Moscow,Ленинградское шоссе,15
Аптека Мичурино	55.6870195	37.4655331	119530,Moscow,Озёрная улица,4 к1
Самсон-Фарма	55.6385313	37.6664349	155477,Moscow,Кантемировская улица,16 к1
Здоров.ру	55.6116502	37.7203216	115446,Moscow,Ореховый бульвар
А5 аптека (№ 59)	55.8752277	37.535309999999996	127247,Moscow,переулок 800-летия Москвы
Аптека Вербена	55.8206725	37.660164200000104	129366,Moscow,улица Космонавтов,22
Столичные аптеки	55.63543570000001	37.79561029999999	109429,Moscow,13
Аптека СТОЛИЧКИ	55.7382184	37.4723891	121433,Moscow,Малая Филёвская улица,12 к1
	55.639948600000004	37.3291019000001	108850,Moscow,улица Самуила Маршака,10
Аптека	55.895301399999994	37.5734645	127572,Moscow,Абрамцевская улица,3
Аптека	55.8321425	37.5131851	125008,Moscow,проезд Черепановых,6 с3
Еаптека	55.7086061	37.6584067	115280,Moscow,улица Мастеркова,3
Дежурная Аптека	55.883733299999996	37.5389574000001	127411,Moscow,Яхромская улица,3
"Аптека 366"	55.824178599999996	37.4973734	125171,Moscow,Ленинградское шоссе
Аптека	55.818174	37.713524	107370,Moscow,бульвар Маршала Рокоссовского,38
Аптека	55.809362	37.4542759	123182,Moscow,Авиационная улица
Аптека	55.70730699999999	37.6806340000001	115193,Moscow,6-я Кожуховская улица,28
"Аптека 366"	55.792192099999994	37.6230356	129594,Moscow,Олимпийский проспект,32
"Аптека 366"	55.847026	37.6663596	129327,Moscow,проезд Серебрякова
Аптека	55.70494	37.5796639	119334,Moscow,Ленинский проспект,41/2
Ригла	55.685873	37.547901	117042,Moscow,Ломоносовский проспект,5
Аптеки Столички	55.70306120000001	37.5705167	105120,Moscow,Ленинский проспект,40
Пульс	55.707338	37.58251	119334,Moscow,Ленинский проспект,39/1
"Аптека 366"	55.69797679999999	37.5603846	119333,Moscow,Ленинский проспект,54
Горздрав	55.7030006	37.5803352	119334,Moscow,проспект 60-летия Октября,5 к4
Ригла	55.68633199999999	37.5417973	119261,Moscow,Ленинский проспект,72/2
Аптека Горздрав	55.6894025	37.5463151	119333,Moscow,Ленинский проспект,68/10
"Аптека 366"	55.6831839	37.549442299999995	117042,Moscow,улица Вавилова,66
аптека	55.7087312	37.5790024	119334,Moscow
Самсон-Фарма	55.6517088	37.489069	117513,Moscow,Ленинский проспект,119
ГБУЗ «ЦЛО ДЗМ». Аптеки столицы.	55.676824100000005	37.52755379999999	119313,Moscow,Ленинский проспект,86
Гомеопатическая Аптека Ганнеман	55.690898	37.552049100000005	119334,Moscow,Ленинский проспект,67
Адонисфарм	55.728825	37.611222999999995	111991,Moscow,Leninskiy Blvd
Да Здоров!	55.669028000000004	37.5190921	119313,Moscow,Ленинский проспект,99
Столичные аптеки	55.719887899999996	37.597604499999996	127238,Moscow,Ленинский проспект,12
Наша аптека	55.725765	37.605636	111991,Moscow,Leninskiy Blvd,8 к4
Аптека Ригла	55.7183574	37.595414	127238,Moscow,Ленинский проспект,16
Аптека Семейная	55.6927035	37.574464500000005	117036,Moscow,проспект 60-летия Октября,10А
Дежурные аптеки	55.689166	37.5754717	117449,Moscow,проспект 60-летия Октября,29 к1
Горздрав	55.690723	37.576006	117449,Moscow,проспект 60-летия Октября,25 к1
Аптека	55.70587220000001	37.5815929	119334,Moscow,проспект 60-летия Октября,3 к1
Ркм+3К Аптечный Пункт	55.692763600000006	37.5747968000001	117036,Moscow,проспект 60-летия Октября,10А
Аптека	55.688763	37.5756730000001	117449,Moscow,проспект 60-летия Октября,31/18 к1
НЕОФАРМ	55.688581000000006	37.5752271	117449,Moscow,проспект 60-летия Октября,31/18 к1
Медбиолайн ООО	55.7101206	37.5991089	115419,Moscow,улица Орджоникидзе,9 к1
Аптека	55.710216	37.590753899999996	117449,Moscow,улица Орджоникидзе,12 с4
Медиофарм	55.709872999999995	37.5999707999999	115419,Moscow,улица Орджоникидзе,7
Медбиолайн	55.7233505	37.6481563	115114,Moscow,Дербеневская улица,14 к3
Медбиолайн	55.76886700000001	37.573074	123995,Moscow,Malaya Gruzinskaya Street,38
Медбиолайн	55.68569	37.562250899999995	117292,Moscow,улица Ивана Бабушкина,13 к1
"Аптека 366"	55.7194897	37.597041	127238,Moscow,Ленинский проспект,12
Монастырская Аптека	55.712886399999995	37.6158124999999	115162,Moscow,Tatishcheva Street,17
Медбиолайн	55.685418000000006	37.5793561	117036,Moscow,улица Дмитрия Ульянова,28
Здоров.ру	55.719367000000005	37.608798900000004	115127,Moscow,улица Шаболовка,30/12
Аптека	55.71823810000001	37.608424400000004	115127,Moscow,улица Шаболовка,32
Асна	55.716838	37.607665999999995	115419,Moscow,улица Шаболовка,40
Здоров.ру	55.718249699999994	37.6076502	115127,Moscow,улица Шаболовка,34 с3
Астилфарм	55.720684899999995	37.6178941000001	113093,Moscow,Мытная улица,15
"Аптека 366"	55.724007799999995	37.6094659	115419,Moscow,улица Шаболовка,10 к1
Санита ООО	55.713003099999995	37.6074098	115419,Moscow,улица Шаболовка,65 к1
Здоров.ру	55.676122	37.5065211	119415,Moscow,проспект Вернадского,39
Здоров.ру	55.6879843	37.57156320000001	117292,Moscow,улица Дмитрия Ульянова,20 к1
Цветочная Аптека	55.715809	37.613110999999996	115162,Moscow,Хавская улица,11/16
Аптека ИЛАН (Pharmacy ILAN)	55.7194579	37.5727724999999	119146,Moscow,Komsomolskiy boulevard,47
"Аптека 366"	55.7275407	37.608932700000004	111991,Moscow,Leninskiy Blvd,4А
"Аптека 366"	55.729345900000006	37.622556200000005	119049,Moscow,улица Коровий Вал,1
Ригла	55.730881000000004	37.6099730999999	119049,Moscow,Krymskiy Val St,6
Столичные аптеки	55.730977	37.59126	119146,Moscow,Komsomolskiy boulevard,9А
"Аптека 366"	55.7242262	37.577268100000005	119146,Moscow,Komsomolskiy boulevard,34
Аптека ИФК	55.684017000000004	37.5381159999999	119313,Moscow,Ленинский проспект,74
Аптеки Планета Здоровья	55.8581468	37.48300820000001	125195,Moscow,Festivalnaya street,41 к1
Медицина для вас	55.645827000000004	37.7193649000001	109651,Moscow,Новочеркасский бульвар,20 к1
Ригла	55.800830299999994	37.5030005	125080,Moscow,улица Алабяна,10 к6
Столичные аптеки	55.795322999999996	37.495447999999996	123060,Moscow,улица Маршала Рыбалко,1
Гранит	55.705071700000005	37.5690758000001	119333,Moscow,улица Академика Зельдовича
Аптеки столицы	55.633580200000004	37.676266299999995	115304,Moscow,улица Медиков
Конка Аптечный Пункт	55.72113	37.4529279	121357,Moscow,улица Ватутина,13 к1
Горздрав	55.61454499999999	37.743482	15573,Moscow,Ореховый бульвар
Столички	55.616946	37.756929	115682,Moscow,Ореховый бульвар,61 к2
	55.625707999999996	37.7353849	115573,Moscow,Ореховый проезд,9
	55.622549	37.745903999999996	15573,Moscow,Шипиловская улица,53 к2
Амирханова М.С. Аптека	55.62035770000001	37.7364153	109387,Moscow,Шипиловская улица,48 к2
"Фортуна аптека"	55.6198939	37.7525289	115682,Moscow,Кустанайская улица,6
Ригла	55.61966999999999	37.752438	115682,Moscow,Кустанайская улица,6
	55.618280000000006	37.755206	115682,Moscow,Кустанайская улица,5 к4
Вишенка	55.617853000000004	37.745128	15573,Moscow,улица Мусы Джалиля,27 к3
Аптека Эконом	55.614618799999995	37.7469943	115597,Moscow,Ореховый бульвар,47/33
Экономъ	55.621185499999996	37.7217592	109387,Moscow,Шипиловская улица,25 к1
Доктор Н	55.62069	37.7256849	115563,Moscow,Шипиловская улица,40
Аптека А5	55.6214605	37.737919500000004	109387,Moscow,Шипиловская улица,50 к1
Фарма аптека	55.62145160000001	37.7414868	109387,Moscow,Шипиловская улица,54 к1
Авиценна фарма	55.62335970000001	37.7422297000001	15573,Moscow,улица Мусы Джалиля,20
Столичные аптеки	55.6243803	37.7439975	15573,Moscow,улица Мусы Джалиля,15с2
Горздрав	55.628114100000005	37.740848	115573,Moscow,улица Мусы Джалиля,6 к2
Флория	55.6283049	37.7412237999999	115573,Moscow,улица Мусы Джалиля,6 к2
Аптеки столицы	55.610468000000004	37.709340999999995	115551,Moscow,Домодедовская улица
Аптека А5	55.6141817	37.7061822000001	115551,Moscow,Домодедовская улица,12
	55.616381000000004	37.706363	115551,Moscow,Домодедовская улица,1 к1
Ева Аптека	55.612339	37.702892999999996	115551,Moscow,Домодедовская улица,20 к3
Аптека Линия жизни	55.611793000000006	37.7152059	109387,Moscow,Каширское шоссе,106
Горздрав	55.610828000000005	37.723997100000005	115446,Moscow,улица Генерала Белова,35
Горздрав	55.605951	37.7180941	115582,Moscow,Каширское шоссе,122
Ригла	55.60498320000001	37.7125419	115551,Moscow,Домодедовская улица,28
Трика	55.610453899999996	37.7351182	115583,Moscow,Воронежская улица,24 к1
А5 аптека	55.6102981	37.7296166	115583,Moscow,Воронежская улица,9
Ригла	55.610032	37.7281159	115583,Moscow,Воронежская улица,7
Аптека Столички	55.61015079999999	37.747787	115597,Moscow,Воронежская улица,44 к1
Аптека	55.61114179999999	37.7576858	115597,Moscow,Воронежская улица,52 к1
А-Мега	55.622636	37.7265679	115563,Moscow,Борисовский проезд,26
Будь Здоров!	55.625338799999994	37.7152059	115563,Moscow,Борисовский проезд,3 к1
А-Мега	55.625449200000006	37.7160133	115563,Moscow,Борисовский проезд,5
Аптека	55.6257061	37.721830499999996	115563,Moscow,Борисовский проезд,14 к1
Элавто аптечный пункт	55.6251326	37.722294	115563,Moscow,Борисовский проезд
Аптечный пункт Фелица	55.625026899999995	37.7266908	115563,Moscow,Борисовский проезд,24 с2
Ригла	55.6162003	37.730720500000004	115573,Moscow,Ореховый проезд
03 Аптека	55.61649	37.730683899999995	115573,Moscow,Ореховый проезд,41
Точка 140	55.6427291	37.6921799	115569,Moscow,Каширское шоссе,51 к5
Аптека	55.63987710000001	37.694345399999996	115569,Moscow,Каширское шоссе,53 к6
Мицар-Н Аптека	55.637236	37.6966889	115569,Moscow,Каширское шоссе,57 к2
Аптека Горздрав	55.597475	37.723255200000004	115191,Moscow,Каширское шоссе,142 к1
Оксидентал-Экспресс	55.596743999999994	37.7235171	109382,Moscow,Каширское шоссе,144 к1
Столичная аптека	55.602647	37.7407889999999	115583,Moscow,Елецкая улица,35 к2А
Аптека	55.601468999999994	37.714612	127474,Moscow,Домодедовская улица,44
Фармадар	55.6052066	37.738275099999996	115583,Moscow,Ясеневая улица,31 к1
Доктор Столетов	55.604710399999995	37.7395304	115583,Moscow,Ясеневая улица,30
Хорошая аптека	55.604326	37.7390499000001	115583,Moscow,Ясеневая улица,30
Наша Аптека	55.6053928	37.743046	115583,Moscow,Ясеневая улица,36
Планета здоровья	55.606345	37.741935999999995	115583,Moscow,Ясеневая улица,39
Наша аптека	55.60468	37.7474990000001	115597,Moscow,Тамбовская улица,3/13
Аптека А5	55.6051958	37.738128100000004	115583,Moscow,Ясеневая улица,31 к1
Аптека Alphega	55.662762	37.712933	109388,Moscow,улица Песчаный Карьер,3 с1
Аптека Горздрав	55.6709926	37.74800020000001	111674,Moscow,Совхозная улица,8 к1
Городская Аптека	55.66263299999999	37.7737439	109387,Moscow,Белореченская улица,43
Ригла	55.654677899999996	37.7633535	121354,Moscow,Братиславская улица,26
"366"	55.649119999999996	37.74480820000001	109341,Moscow,Люблинская улица,169 к2
Аптека Alphega	55.647353700000004	37.7194999	109651,Moscow,Новочеркасский бульвар,5 с3
Аптека	55.667547	37.630086	127238,Moscow,Каширское шоссе,11 к1
Аптека	55.675458	37.597221999999995	117186,Moscow,Нагорная улица,30 к1
	55.692575	37.909003000000006	140010,Moscow Oblast,Комсомольский проспект,18/1
Наталия	55.6972012	37.8977204	140013,Moscow Oblast,улица Попова,26
Аптека	55.683657200000006	37.8653876	140003,Moscow Oblast,3-е Почтовое отделение,100
Аптека	55.6796	37.884940500000006	140005,Moscow Oblast,улица Кирова,51
Ригла	55.658205	37.922802000000004	140070,Moscow Oblast,Егорьевское шоссе,с2
Аптека	55.736914899999995	37.687571999999996	109029,Moscow,Нижегородская улица,28
Аптека	55.752264000000004	37.8167980000001	111558,Moscow,Свободный проспект,18/79
Аптека Диалог	55.752772	37.8193521000001	111558,Moscow,Свободный проспект,33
Таблетка	55.752019	37.8159274	111396,Moscow,Зелёный проспект,79А
Трика	55.752933	37.80526629999999	111399,Moscow,Зелёный проспект,42
Аптека 24	55.75478100000001	37.797990000000006	111397,Moscow,Новогиреевская улица,29 к1
Аптеки Столички	55.7532211	37.7991801000001	111394,Moscow,Новогиреевская улица,37А
Самсон-Фарма	55.7503801	37.785769699999896	4А,Moscow,2-я Владимирская улица,45
Трика	55.7422884	37.7861786	4А,Moscow,Кусковская улица,31 к1
Аптека Ника	55.747781999999994	37.816153	111396,Moscow,Свободный проспект,37/18
Столичные аптеки	55.746598	37.823648	111396,Moscow,Фрязевская улица,11 к1
Аптека горздрав	55.752810399999994	37.783891	111123,Moscow,2-я Владимирская улица,37 к1
Трика	55.757033400000005	37.7750292000001	111123,Moscow,1-я Владимирская улица,14
Дежурная аптека	55.762701	37.77799	111123,Moscow,2-я Владимирская улица,1
Димфарм	55.7598443	37.7789177	111123,Moscow,2-я Владимирская улица,10
Асна	55.750352	37.7788221000001	111123,Moscow,1-я Владимирская улица,30/13
Горздрав	55.748076600000005	37.7667689	111141,Moscow,Зелёный проспект,1А
Планета здоровья	55.7353675	37.8300465	111539,Moscow,Вешняковская улица,15А
Асна	55.737668500000005	37.8211045	111539,Moscow,Вешняковская улица
Аскорбинка Аптека	55.734764	37.827194	111402,Moscow,Вешняковская улица,12А
Аптека	55.734549300000005	37.8328013	111539,Moscow,Вешняковская улица,17В
Формула здоровья	55.734547	37.830994	111539,Moscow,Вешняковская улица,17А
Асна	55.723774	37.8288391	111538,Moscow,Вешняковская улица,29А
Аптека-Про	55.723000799999994	37.8238334	111538,Moscow,Вешняковская улица,18Б
Столичные аптеки	55.722796900000006	37.803940999999995	111395,Moscow,улица Красный Казанец,1Г
"Томас аптека"	55.72272099999999	37.824132	111538,Moscow,Вешняковская улица,18Б
	55.716131999999995	37.821767	109542,Moscow,Вешняковская улица,43
Аптека	55.718331000000006	37.788419	109377,Moscow,Рязанский проспект,71 к1
Доктор Cтолетов	55.726172700000006	37.761792	109428,Moscow,Рязанский проспект,45 к1
Самсон-Фарма	55.7244873	37.7674391	109428,Moscow,Рязанский проспект,53
Аптека	55.718132999999995	37.7840189999999	109377,Moscow,Рязанский проспект,30 к2
На Рязанском	55.717325	37.78844	109377,Moscow,Рязанский проспект,38
Ваша аптека	55.7172027	37.7956102000001	109377,Moscow,Рязанский проспект,79
Аптека ИФК	55.717946999999995	37.7933499000001	109456,Moscow,4-й Вешняковский проезд,1 к1
Мосаптека	55.716264	37.7933829999999	109377,Moscow,Рязанский проспект,48
Дежурные Аптеки На Рязанском	55.715884700000004	37.7932396	109377,Moscow,Рязанский проспект,48
	55.717115	37.791709000000004	109377,Moscow,Рязанский проспект,46
Ваша аптека	55.708038	37.8088441	109444,Moscow,Ферганская улица,12
	55.710756	37.803841	109444,Moscow,Ферганская улица,5
Аптеки Столички	55.70848050000001	37.819371399999994	109542,Moscow,Ташкентская улица,9
Аптека На Самаркандской	55.702146299999995	37.8230122	109507,Moscow,Ферганская улица,к1
Столичные аптеки	55.702076	37.8142759	158 К1,Moscow,Ташкентская улица,19
ВекФарм	55.722917200000005	37.8101111999999	111395,Moscow,Снайперская улица,8Б
Аптека Линия жизни	55.7168721	37.8127104	109542,Moscow,улица Хлобыстова,3
Леко	55.714850799999994	37.8088748	109377,Moscow,Рязанский проспект,97
	55.7170455	37.859060299999996	111621,Moscow,улица Чёрное Озеро,2
Аптека	55.714364	37.8556639999999	111621,Moscow,Большая Косинская улица,24А
"Аптека 366"	55.7146158	37.8835661000001	111625,Moscow,Святоозёрская улица,1А
Аптека	55.71638299999999	37.885405	111625,Moscow,улица Руднёвка,15
Аптека Фортуна на Святоозёрской	55.713148700000005	37.885107500000004	111625,Moscow,Святоозёрская улица,8
"888 Сеть Аптек"	55.711488	37.884183	111625,Moscow,улица Татьяны Макаровой,3
Аптека	55.709164	37.8912849999999	111625,Moscow,улица Дмитриевского,11
Возрождение аптека	55.70363149999999	37.8754002000001	111625,Moscow,Лыткаринская улица,8
Аптека А5	55.716621999999994	37.887378999999996	111625,Moscow,улица Руднёвка,19
Аптека Радуга	55.71464449999999	37.8837525	111625,Moscow,Святоозёрская улица,1А
Аптека	54.97436999999999	39.0387033	140501,Moscow Oblast,улица Тимирязева,2 с1
Аптека	54.98210110000001	39.0398781	140501,Moscow Oblast,улица Гагарина,3
Аптека. Тетра ТК ООО	54.982460700000004	39.0390503	140500,Moscow Oblast,улица Пушкина
Старая аптека	54.9522215	39.0226973	140500,Moscow Oblast,улица 40 лет Октября,36/7
	54.950019700000006	39.0215297	140500,Moscow Oblast,улица Жуковского,2/8
	54.94905279999999	39.02532479999999	140500,Moscow Oblast,улица Жуковского,9
Мособлфармация № 15/1	54.9477446	39.031483200000004	140500,Moscow Oblast,улица Мира,23
Аптека Столички	54.9461411	39.0298345	140500,Moscow Oblast,улица Жуковского,22Б
Тетра ТК ООО	54.945143200000004	39.0329028	140500,Moscow Oblast,улица Жуковского,29
Твой доктор	54.9447561	39.0323237	140500,Moscow Oblast,улица Жуковского,30
	54.97407929999999	39.0116895	140500,Moscow Oblast,улица Куйбышева
Столички	54.966216700000004	39.0275708	140501,Moscow Oblast,Парковая улица
Столички	54.95028620000001	39.028749600000005	140500,Moscow Oblast,улица Мира,20А
Лента	54.966097999999995	39.0276539	140501,Moscow Oblast,Парковая улица
ДА!	54.966712	39.0243399999999	140500,Moscow Oblast,улица Куйбышева
Пятёрочка	54.9715407	39.037288399999994	140501,Moscow Oblast,улица Тимирязева,10
Пятерочка	54.973932299999994	39.0383614	140501,Moscow Oblast,улица Тимирязева,2 с1
	54.982174	39.0398982	140501,Moscow Oblast,улица Гагарина,3
Магнит	54.9493033	39.017344200000004	140500,Moscow Oblast,улица Пушкина
Пятерочка Универсам	54.949643	39.017877899999995	140500,Moscow Oblast,улица Пушкина,153
Пятёрочка	54.946025799999994	39.0309129	140500,Moscow Oblast,улица Жуковского,27
Пятёрочка „24 часа“	54.9526789	39.018158899999996	140500,Moscow Oblast,улица Пушкина
Дикси	54.944643299999996	39.033574200000004	140500,Moscow Oblast,улица Жуковского,31
Пятерочка	54.9505267	39.0294296	140500,Moscow Oblast,улица Мира,16А
Дикси	54.9503817	39.0288951	140500,Moscow Oblast,улица Мира,20А
Мясницкий ряд	54.949547700000004	39.0290247	140500,Moscow Oblast,улица Мира,18
	54.950848	39.020184	140500,Moscow Oblast,улица Жуковского,1
Магнит	54.953316599999994	39.019555700000005	140500,Moscow Oblast,улица Мира
	54.9816735	39.042478499999994	140501,Moscow Oblast,улица Гагарина
Дикси	54.9816757	39.040236799999995	140500,Moscow Oblast,улица Пушкина,4
Пятерочка	54.982217299999995	39.0396062	140501,Moscow Oblast,улица Гагарина,3
	54.9828414	39.0386017000001	140501,Moscow Oblast,улица Гагарина
Мособлфармация Аптека	55.05	39.1166667	140513,Moscow Oblast
Аптека № 602	54.918443200000006	39.2566249	140542,Moscow Oblast
Мособлфармация Аптека	54.939802799999995	39.33742720000001	140520,Moscow Oblast,улица Урицкого
Социальные Аптеки № 291	54.942116399999996	39.338706099999996	140520,Moscow Oblast,улица Победы
Мособлфармация № 15/7	55.007045700000006	39.249493799999996	Moscow Oblast,Красноармейская улица
Пятерочка Головачево	54.9323929	39.134119399999996	Moscow Oblast,улица Мира,107
Пятерочка	54.928992099999995	39.0909836000001	Moscow Oblast,М-5
Трика	55.6767709	37.7613323	109559,Moscow,Краснодарская улица,48
Трика	55.679546499999994	37.7391483	109387,Moscow,Люблинская улица,113А
Трика	55.6832871	37.7504956	109386,Moscow,Краснодонская улица,11
Трика	55.681445	37.764975899999996	109386,Moscow,Ставропольская улица,50/22
Аптека Град	55.6759686	37.772496200000006	109559,Moscow,Краснодарская улица
Столички	55.674335	37.7603659	109386,Moscow,Совхозная улица,41
Терракон М	55.673601600000005	37.7672085	109387,Moscow,Белореченская улица,13 к1
Асна	55.67311	37.762003	109386,Moscow,Новороссийская улица,25 к1
Столичные аптеки	55.673353000000006	37.752206	109382,Moscow,улица Судакова,15
Аптека	55.67298929999999	37.7469869	109382,Moscow,улица Судакова,11 с2
Силик	55.6373272	37.792807700000004	109429,Moscow,1-й Капотнинский проезд
Столичная аптека	55.640133	37.769805	115408,Moscow,Алма-Атинская улица
Столичные аптеки	55.630717000000004	37.79954	109429,Moscow,1-й Капотнинский проезд,20А
"Аптека 366 (галерея ИКЕА)"	55.655542000000004	37.8443549	140053,Moscow Oblast,1-й Покровский проезд,4
РОСАПТЕКА	55.66649739999999	37.8602925	140055,Moscow Oblast,Кузьминская улица,17
Аптека Витрум	55.6698517	37.86972479999999	140000,Moscow Oblast,Новорязанское шоссе
Витамин Аптечный Пункт	55.667463	37.8632106	140054,Moscow Oblast,Kuz'minskaja ulica,15
	55.6673314	37.861926200000006	140054,Moscow Oblast,Kuz'minskaja ulica,15
"Глиссада Аптечный Пункт"	55.6591495	37.8678181	140054,Moscow Oblast,Новоегорьевское шоссе,25
Доктор Александров	55.658688899999994	37.8449625000001	140055,Moscow Oblast,1-й Покровский проезд,5
Хорс	55.65150500000001	37.864742	140053,Moscow Oblast,Большая Колхозная улица
Аптека Мособлфармация	55.6492506	37.860473799999994	140053,Moscow Oblast,Большая Колхозная улица,30
Доктор Столетов	55.6481	37.8572	140053,Moscow Oblast,Железнодорожная улица
"Глиссада Аптечный Пункт"	55.646832499999995	37.857972100000005	140053,Moscow Oblast,Железнодорожная улица,12А
Самсон-Фарма	55.6857824	37.8576641	109156,Moscow,улица Генерала Кузнецова,17
Аптека ВекФарм	55.683677	37.855919	109156,Moscow,улица Генерала Кузнецова,19 к1
Ветклиника Денталвет-Близнецы	55.686939	37.8484141	109156,Moscow,улица Авиаконструктора Миля,2 к1
Аптека Норма	55.6897137	37.854233799999996	109156,Moscow,Жулебинский бульвар,28 к1
Аптеки Столички	55.6893679	37.852521200000005	109153,Moscow,Жулебинский бульвар,25
Живика	55.689567000000004	37.858253999999995	109156,Moscow,улица Генерала Кузнецова,14 к1
Горздрав	55.696661999999996	37.8528729	109153,Moscow,Жулебинский бульвар,16
Аптека в Жулебино	55.6984406	37.8496505000001	109153,Moscow,Жулебинский бульвар,10/6
Аптека Ника	55.698777799999995	37.848807	109153,Moscow,Жулебинский бульвар,10/6
Аптека от Склада	55.685725500000004	37.8575836	109156,Moscow,улица Генерала Кузнецова,17
Перекрёсток	55.723533999999994	37.610284	115419,Moscow,улица Шаболовка,10 к2
EUROSPAR	55.7204845	37.6102298000001	115419,Moscow,улица Шаболовка,31Г
Магнолия	55.714395999999994	37.613217999999996	115162,Moscow,Хавская улица,22/11
Мираторг	55.7144458	37.60822329999999	115162,Moscow,Lesteva Street,21 к1
Магнит	55.71297729999999	37.6074098	115419,Moscow,улица Шаболовка,65 к1
Универсам Донской	55.721253000000004	37.605444	115127,Moscow,Donskaya Street,18/7 с1
Перекресток Экспресс	55.7210699	37.6005672	119071,Moscow,Ленинский проспект,15А
Азбука Вкуса	55.718073	37.596306	127238,Moscow,Ленинский проспект,21
Магнолия	55.709872999999995	37.5999707999999	115419,Moscow,улица Орджоникидзе,7
Магнолия	55.706360700000005	37.5858698	117449,Moscow,улица Вавилова,8
Супермаркет Сити	55.7026711	37.5810922000001	119334,Moscow,улица Вавилова,15
Азбука Вкуса	55.718164	37.6219891000001	115093,Moscow,Lyusinovskaya Street,60
Азбука Вкуса	55.707995999999994	37.6219826	115191,Moscow,Большая Тульская улица,13
Перекрёсток	55.710199100000004	37.620858399999996	115191,Moscow,Большая Тульская улица,2
Перекрёсток	55.7148585	37.6217472	115093,Moscow,Lyusinovskaya Street,70 с1
Перекрёсток	55.727784	37.6367761	115280,Moscow,Dubininskaya St,2
Дикси	55.73005229999999	37.630615999999996	115054,Moscow,Valovaya St,21 к125
Билла	55.725865500000005	37.584242100000004	119146,Moscow,Frunzenskaya quay,30 с2
Азбука Вкуса	55.7243456	37.5774779	119146,Moscow,Komsomolskiy boulevard,34
Азбука Вкуса	55.7072669	37.577991	119333,Moscow,Ленинский проспект,34/1
Аптека Столички	55.778337	37.664169	107140,Moscow,Краснопрудная улица,22-24
Аптека Столички	55.61015079999999	37.747787	115597,Moscow,Воронежская улица,44 к1
Аптека Столички	55.702844799999994	37.8478071	109145,Moscow,Лермонтовский проспект,6
Аптека Столички	55.7602772	37.856274299999995	143966,Moscow Oblast,улица Ленина,22
Аптека Столички	55.7432535	37.8612258000001	111116,Moscow,Суздальская улица,26 к2
Аптека Столички	55.6542236	37.6488686	115478,Moscow,Каширское шоссе,26 к1
Аптека Столички	55.76777270000001	37.8474029	143968,Moscow Oblast,улица Победы,30
Аптеки Столички	55.74233929999999	37.6281684	115035,Moscow,Pyatnitskaya Street,16
Аптеки Столички	55.739814	37.662851	109147,Moscow,Таганская улица,26 с1
Аптека Столички	55.616951	37.757016	115682,Moscow,Ореховый бульвар,61 к2
Горздрав	55.60925989999999	37.537508100000004	117588,Moscow,Ясногорская улица,7
Яръ-Фарма	55.602835	37.529146000000004	117588,Moscow,Тарусская улица,18 к1
Столичные Аптеки	55.6085022	37.513723999999996	117574,Moscow,Голубинская улица,3 к1
Солнышко	55.603277899999995	37.5415614	117463,Moscow,улица Паустовского,2/34
Аптека Сердечко	55.602874	37.5426899	117593,Moscow,Новоясеневский проспект,36/1
Столички	55.5998762	37.5406994	117463,Moscow,улица Паустовского,5 к1
Горздрав	55.603883999999994	37.522513000000004	117593,Moscow,Вильнюсская улица,5
Да Здоров!	55.610263	37.536555	117588,Moscow,Ясногорская улица,2
Аптека А5	55.6099942	37.5365843	117588,Moscow,Ясногорская улица,2
Горздрав	55.618951	37.5109429	117574,Moscow,Новоясеневский проспект,1Б к1
03 Аптека	55.6036375	37.554128600000006	117593,Moscow,Новоясеневский проспект,25
Горздрав	55.604906299999996	37.5361071	117593,Moscow,Новоясеневский проспект,30 с1
Формула Здоровья Аптека	55.618249	37.510901000000004	117574,Moscow,Новоясеневский проспект,1Б к1
Аптека	55.6021571	37.555053799999996	117593,Moscow,Новоясеневский проспект,25А
А-Тека	55.619707	37.508246	117574,Moscow,Новоясеневский проспект,1
Аптека Столички	55.604029000000004	37.5394821	117593,Moscow,Новоясеневский проспект,32 к1
Фармимэкс	55.6050147	37.5296144	117588,Moscow,Новоясеневский проспект,24 к2
Фармимэкс	55.6036931	37.535641600000005	117593,Moscow,Новоясеневский проспект
Квадрифолиум Аптека	55.622703	37.495625	117465,Moscow,улица Тёплый Стан,7
Аптека Норма N1853	55.6215495	37.5045004999999	117632,Moscow,Профсоюзная улица,154
	55.6216542	37.4982894	117465,Moscow,улица Тёплый Стан,5 к1
Столичные Аптеки 7/206	55.629557999999996	37.4866019	117133,Moscow,улица Тёплый Стан,12
АСНА	55.620005000000006	37.502201	117465,Moscow,улица Тёплый Стан,1
Аптека А5	55.61875	37.487691	117465,Moscow,улица Генерала Тюленева,25
Аптека А5	55.626261	37.486375	117465,Moscow,улица Генерала Тюленева,2
Аптека Столички	55.6278567	37.512012799999994	117632,Moscow,Профсоюзная улица,138
Аптека Горздрав	55.629013	37.4858391	117133,Moscow,улица Тёплый Стан,10
Ико-21 Век	55.631893999999996	37.486998	117133,Moscow,улица Академика Виноградова,4 к2
Мир лекарств	55.6334502	37.5216169	117647,Moscow,Профсоюзная улица,109В с4
"Альянс аптека"	55.6322286	37.519433899999996	117647,Moscow,Профсоюзная улица,109 к2
Асна	55.63332729999999	37.5213103999999	117647,Moscow,Профсоюзная улица,109
Аптеки Столички	55.6360294	37.52102360000001	117647,Moscow,Profsoyuznaya ulitsa,118
Аптека Ника	55.636469999999996	37.5145841	117632,Moscow,улица Островитянова,25 к1
Самсон-Фарма	55.644222	37.52338220000001	117485,Moscow,улица Миклухо-Маклая,43
Лада Центр Плюс	55.633468500000006	37.5218002	117647,Moscow,Профсоюзная улица,109В с4
Здоров.Ру	55.6415299	37.5241829	117437,Moscow,Профсоюзная улица,104
Столичные аптеки	55.633633999999994	37.5263359	117647,Moscow,улица Островитянова,33А
Асна	55.641406200000006	37.5238698000001	117437,Moscow,Профсоюзная улица,104
Горздрав	55.6435625	37.5260149000001	117437,Moscow,Профсоюзная улица,102 с1
Аптеки Столички	55.645591599999996	37.5330448	117279,Moscow,улица Генерала Антонова,3
Доктор Столетов	55.641881700000006	37.5236027999999	117437,Moscow,Профсоюзная улица,104
Аптеки Столички	55.6415755	37.53225	117279,Moscow,улица Миклухо-Маклая,55
Аптека	55.641144	37.5296069999999	117279,Moscow,улица Миклухо-Маклая,32А
Аптека «Лекамед»	55.646064	37.529765999999995	117279,Moscow,Профсоюзная улица,83 к1
Планета здоровья	55.643633400000006	37.52526339999999	117437,Moscow,Профсоюзная улица,104/47
Бэлфарм Аптека	55.637459	37.533732	117279,Moscow,улица Введенского,24
Аптека Норма	55.640403000000006	37.532777100000004	117279,Moscow,улица Миклухо-Маклая,36А
Столички	55.643651799999994	37.5244936	117485,Moscow,улица Миклухо-Маклая,47А
Аптека 36.6	55.6453997	37.5185999	117437,Moscow,улица Миклухо-Маклая,18В с1
Абикон Фарма	55.641404	37.5295051000001	117279,Moscow,улица Миклухо-Маклая,32А
Эдван-фарм	55.641273	37.533139	117279,Moscow,улица Миклухо-Маклая,55
Горздрав	55.63792539999999	37.5408465	117342,Moscow,улица Миклухо-Маклая,42
Аптека А5	55.643365599999996	37.5251105	117437,Moscow,Профсоюзная улица,104/47
"Кызыл-Май Аптечный пункт"	55.653183999999996	37.520478999999995	117871,Moscow,улица Академика Волгина,5
Аптека Сердце Города	55.6516382	37.517385	117871,Moscow,улица Академика Волгина,8А
	55.654416000000005	37.524273	117485,Moscow,улица Бутлерова,3А
Старый лекарь	55.64091189999999	37.5023364	117321,Moscow,улица Островитянова,13
Сэсса Фарм	55.659499	37.527108899999995	117630,Moscow,улица Академика Челомея,3 к2
Пос-Холдинг	55.655979	37.541478000000005	117630,Moscow,Профсоюзная улица,61А
Аптека А5	55.655896	37.541656	117630,Moscow,Профсоюзная улица,61А
Формула Здоровья	55.656161899999994	37.542078100000005	117630,Moscow,Профсоюзная улица,61А
Дежурная Аптека	55.727895999999994	37.61153	119049,Moscow,Калужская площадь,1 к1
Азбука Life	55.7352833	37.6127048999999	119049,Moscow,1st Babyegorodskiy Lane
Аптека А5	55.730838	37.6316809	115054,Moscow,Valovaya St,8/18
Эвалар	55.735721	37.5922069999999	119034,Moscow,Zubovskiy Blvd,13 с1
Аптека Эвалар	55.731451	37.6368	115054,Moscow,Zatsepskiy Val St,14
Аптека Норма	55.728336	37.622528	115093,Moscow,Lyusinovskaya Street,2
Интернет-аптека Флория 03	55.752704	37.535131	123317,Moscow,2nd Krasnogvardeyskiy Passage,6 с1
Здоров.ру	55.6708361	37.555969399999995	117997,Moscow,Профсоюзная улица,39
ФарМакс	55.668873600000005	37.5523253	117420,Moscow,Профсоюзная улица,58/32 к2
	55.6700378	37.5655932	117418,Moscow,Новочерёмушкинская улица,50
"Анфарма Аптека"	55.671471999999994	37.553863	117335,Moscow,улица Гарибальди,23
Статим	55.672213	37.5506359	117042,Moscow,улица Гарибальди,21
Аптеки столицы	55.66940699999999	37.5516059	117335,Moscow,улица Гарибальди,30А
Асна	55.662659	37.5547979	117420,Moscow,улица Намёткина,13Б
Горздрав	55.667228	37.567104	117418,Moscow,улица Цюрупы,28
Эвентус ООО	55.666792	37.552191	117420,Moscow,Профсоюзная улица,45
Дежурная аптека	55.680235499999995	37.564623700000006	117292,Moscow,Профсоюзная улица,24 к1
Диасфарм	55.679124	37.5651209	117997,Moscow,Профсоюзная улица,15
"Практик-Трейд аптека"	55.679858900000006	37.5642845	117292,Moscow,Профсоюзная улица,24 к1
Аптеки Столички	55.68323149999999	37.5675033	123056,Moscow,Профсоюзная улица,18 к1
Аптека	55.686956200000004	37.5732369	117036,Moscow,улица Дмитрия Ульянова,24
Аптеки Столички	55.689012	37.571329999999996	117036,Moscow,улица Дмитрия Ульянова,17 к1
Эвалар	55.687051000000004	37.571794	117036,Moscow,Профсоюзная улица,4
Здоров.ру	55.6879843	37.57156320000001	117292,Moscow,улица Дмитрия Ульянова,20 к1
Аптека № 153 Академическая	55.62985989999999	37.6729892000001	115304,Moscow,Ереванская улица,17 с1
Вэлли Плюс ООО	55.6877885	37.5733862	117036,Moscow,площадь Хо Ши Мина
Аптека Семейная	55.6927035	37.574464500000005	117036,Moscow,проспект 60-летия Октября,10А
"Вэлли Плюс сеть аптек"	55.840814	37.5484710000001	125183,Moscow,Большая Академическая улица,67
Аптеки Столички	55.841327799999995	37.550138200000006	125183,Moscow,Большая Академическая улица
аптека	55.7087312	37.5790024	119334,Moscow
"Аптека ИП Колесникова П.А."	55.704518799999995	37.584688799999995	117449,Moscow,улица Вавилова,7
Аптека № 76	55.5991488	38.1117776	140181,Moscow Oblast,Str. Gagarina,4
Планета здоровья	55.775838	37.582056099999996	125047,Moscow,площадь Тверская Застава,5
Аптека А5	55.7477456	37.681653600000004	109544,Moscow,площадь Рогожская Застава,1
Горздрав	55.797222	37.717101	107553,Moscow,Большая Черкизовская улица,3 к1
Горздрав	55.789247399999994	37.6780748	101113,Moscow,Сокольническая площадь,4 к1-2
"Неболит Аптека"	55.795913	37.705335	107076,Moscow,Преображенская улица,5/7
Аптека	55.9705811	37.9061922	141282,Moscow Oblast,Советский проспект,14
Здоров.ру	55.719367000000005	37.608798900000004	115127,Moscow,улица Шаболовка,30/12
Аптека	55.71823810000001	37.608424400000004	115127,Moscow,улица Шаболовка,32
Асна	55.716838	37.607665999999995	115419,Moscow,улица Шаболовка,40
Здоров.ру	55.718249699999994	37.6076502	115127,Moscow,улица Шаболовка,34 с3
Астилфарм	55.720684899999995	37.6178941000001	113093,Moscow,Мытная улица,15
Шаболовка	55.713533	37.6107059999999	115162,Moscow,Lesteva Street,15 к2
Санита ООО	55.713003099999995	37.6074098	115419,Moscow,улица Шаболовка,65 к1
Здоров.ру	55.81225799999999	37.7993289999999	107421,Moscow,Уральская улица,4Г
Здоров.ру	55.9231995	37.861786200000004	141075,Moscow Oblast,улица Исаева,2А
Сущевская № 31	55.78889399999999	37.6131078999999	103030,Moscow,Октябрьская улица,33
НЕОФАРМ	55.7316444	37.611625599999996	119049,Moscow,Bolshaya Yakimanka Street,52
Адонисфарм	55.728825	37.611222999999995	111991,Moscow,Leninskiy Blvd
Планета здоровья	55.7406681	37.629858399999996	115035,Moscow,Новокузнецкая улица,1 с3
"Горздрав аптека"	55.731898	37.6358619	115054,Moscow,Новокузнецкая улица,43/16 с2
Аптека	55.73721	37.6308478999999	115054,Moscow,Новокузнецкая улица,18 с1
Ригла	55.734055000000005	37.633556	115054,Moscow,Новокузнецкая улица,30 с3
Солнышко	55.73184499999999	37.6357719	115054,Moscow,Новокузнецкая улица,43/16 с2
"Аптека 366"	55.731348	37.635177	115054,Moscow,Valovaya St,2-4/44 с1
Флория	55.733924	37.633521	115054,Moscow,Новокузнецкая улица,30 с3
	55.74065039999999	37.6301144	115035,Moscow,Новокузнецкая улица,1 с3
Аскорбинка П	55.731508999999996	37.636195	115054,Moscow,Новокузнецкая улица,43/16 с1
Vek Zhivi Pharmacy	55.7369536	37.6320251	115054,Moscow,Новокузнецкая улица,13 с1
Самсон-Фарма	55.7577723	37.6228949	109012,Moscow,17
Ригла	55.75730279999999	37.6328655	101000,Moscow,улица Маросейка,2/15 с1
ГОМЕОПАТИЧЕСКАЯ АПТЕКА	55.753470400000005	37.6384745	109074,Moscow,Solyanka Street,1/2 с2
Аптека № 35 На Солянке	55.7535463	37.6382218	109074,Moscow,Solyanka Street,1/2 с2
Центральная аптека ГУП Медицинский центр	55.75484599999999	37.6357370000001	101000,Moscow,Bolshoy Spasoglinishchevskiy Lane,12 с5
Амистат аптека	55.75152270000001	37.6347404000001	109074,Moscow,Kitaygorodskiy Passage,7 с3
Планета здоровья	55.7595493	37.645554499999996	105062,Moscow,улица Покровка,17 с1
ООО Здоровье	55.763317799999996	37.6428484	105062,Moscow,Чистопрудный бульвар,7/2
Доктор Столетов	55.759257700000006	37.6436553999999	105062,Moscow,Pokrovka Street,11
Эвалар	55.7607583	37.6309874	101000,Moscow,Myasnitskaya Street,7 с2
Горздрав	55.759678	37.643363	105062,Moscow,Pokrovka Street,13А с1
Горздрав	55.761906999999994	37.6347089999999	101000,Moscow,Myasnitskaya Street,22 с3
Самсон-Фарма	55.7654105	37.630889700000004	107045,Moscow,улица Большая Лубянка,24/15
Горздрав	55.75802589999999	37.6391216	101990,Moscow,Pokrovka Street,2/1 с1
Трика	55.7591671	37.6428398	105062,Moscow,Pokrovka Street,9 с1
Аптека	55.7653769	37.6307422	107045,Moscow,улица Большая Лубянка,22
wer.ru	55.7861556	37.63529260000001	129110,Moscow,проспект Мира,64
Витафарм	55.779438	37.633337	129090,Moscow,проспект Мира,38
Столичные аптеки	55.788054	37.634315	129110,Moscow,проспект Мира,71
Дежурная аптека	55.820640000000004	37.642062	129366,Moscow,проспект Мира,146
Формула Здоровья	55.7839954	37.6357654	129110,Moscow,проспект Мира,56 с2
"Аптека 366"	55.808316299999994	37.6379208000001	129626,Moscow,проспект Мира,114
Аптека Норма	55.779501	37.633349	129090,Moscow,проспект Мира,38
Горздрав	55.816106000000005	37.6396682	129366,Moscow,проспект Мира,124 к3
Аптека	55.784062	37.6354200000001	129110,Moscow,проспект Мира,56 с2
Флория	55.789116	37.627777	129272,Moscow,Трифоновская улица,49
Трика	55.814223999999996	37.659944	129626,Moscow,Рижский проезд,7
Добрая Аптека	55.792885999999996	37.636269899999995	129272,Moscow,проспект Мира,92 с2
Аптека Алексеевская № 146	55.803991	37.637064	129626,Moscow,проспект Мира,108
Liratrav.ru Интернет аптека товаров для здоровья	55.830470999999996	37.628331	127273,Moscow,Main Alley,119 с12
Горздрав	55.8240086	37.6344609	129515,Moscow,1-я Останкинская улица,55
Дежурная аптека	55.82103670000001	37.6224592	129515,Moscow,улица Академика Королёва,9 к1
Зоовет Аптека	55.831723	37.6319645999999	129366,Moscow,проспект Мира,119 с66
ФармЭкспресс	55.824493000000004	37.655322999999996	127490,Moscow,улица Бориса Галушкина,9
Лекарственные Травы	55.830115	37.6191129	127566,Moscow
Красота И Здоровье Аптека	55.83078100000001	37.627764899999995	127273,Moscow,Main Alley,119 с13
Московская аптека	55.825573600000006	37.6471352999999	127422,Moscow,проспект Мира,182
Авиценна Фарма Свиблово	55.859056	37.659674	129344,Moscow,Енисейская улица,5
Флория	55.8535647	37.6487403	129329,Moscow,Снежная улица,17 к1
Горздрав	55.8514686	37.6460477000001	129329,Moscow,Снежная улица,16 к1
	55.85289100000001	37.656465999999995	129343,Moscow,улица Амундсена,11 к1
Первая Помощь	55.854693000000005	37.6553309999999	129343,Moscow,улица Амундсена,19
Проким ПКФ	55.861711	37.644742	129329,Moscow,Кольская улица,11
ГорФарма	55.8546569	37.655205200000005	129343,Moscow,улица Амундсена,19
Аптека Норма	55.85153270000001	37.6463182	129329,Moscow,Снежная улица,16 к2
"Зем Фарм Аптека"	55.85623100000001	37.6524859	129343,Moscow,Снежная улица,27 к1
Аптека Формула Здоровья	55.852298899999994	37.6457275	129329,Moscow,Снежная улица,13 к1
Сто процентов	55.837518	37.636489000000005	129226,Moscow,Сельскохозяйственная улица,17 к1
Солнышко	55.837615299999996	37.6362607999999	129226,Moscow,Сельскохозяйственная улица,17 к1
Волгофарм Аптека	55.85081429999999	37.6466064	129329,Moscow,Снежная улица,16 к3
Здоров.ру	55.8688449	37.6627860999999	127474,Moscow,Енисейская улица,19
Аптека	55.868081000000004	37.662840100000004	129344,Moscow,Енисейская улица,17 к1
Эконом	55.8703262	37.663605	129344,Moscow,улица Менжинского,36
"Тэкс-Фарм аптека"	55.871429000000006	37.666425	129281,Moscow,Енисейская улица,26
Скиф	55.8688422	37.667339399999896	129281,Moscow,улица Менжинского,21
Век Живи	55.8689199	37.6648719	129344,Moscow,Енисейская улица,22 к2
Аптеки Столички	55.863014899999996	37.6781602	129281,Moscow,улица Коминтерна,14
Садко-3	55.8696517	37.6583069000001	123458,Moscow,улица Менжинского,25
Аптека Ника	55.870900799999994	37.6662398	129281,Moscow,Енисейская улица,26
Аптеки Столички	55.886548700000006	37.6624741000001	129282,Moscow,улица Грекова,8
Живика	55.8869264	37.6611341	129282,Moscow,Широкая улица,14 к1
Аптека	55.8927192	37.668104299999996	127224,Moscow,Студёный проезд
Озерки	55.8869458	37.6623009	129282,Moscow,улица Грекова,8 с2
Аптека Солнышко	55.888126799999995	37.6629786999999	127224,Moscow,Широкая улица,13А
Здоров.ру	55.886524	37.660513	129282,Moscow,Широкая улица,12Б
Горздрав	55.8862831	37.6579759	129282,Moscow,Широкая улица
Дежурная аптека	55.8880747	37.6609622	129282,Moscow,Широкая улица,11
Аптеки столицы	55.8880451	37.6657199	127224,Moscow,Широкая улица,13 к1
Желаем Здоровья Аптека	55.88967220000001	37.6608888000001	129282,Moscow,улица Грекова,5
Перекрёсток	55.8881439	37.657659499999994	129282,Moscow,Широкая улица,9 к1
Билла	55.887523	37.678503000000006	127224,Moscow,Широкая улица,31/5
АШАН	55.8877936	37.6772556	127224,Moscow,Широкая улица,29
Билла	55.88661479999999	37.660474900000104	129282,Moscow,Широкая улица,12Б
Алина	55.8778932	37.6457969000001	127221,Moscow,улица Молодцова
Дикси	55.886708999999996	37.672912100000005	127224,Moscow,Широкая улица,24Б
Магнит	55.887867799999995	37.6728109000001	127224,Moscow,Широкая улица
Перекрёсток	55.879349	37.63463	127282,Moscow,Полярная улица,21
Билла	55.874720999999994	37.621081	127081,Moscow,Ясный проезд,13
Супермаркет Сити	55.8724989	37.6520535	127221,Moscow,Сухонская улица,1 с2
ДА!	55.870987	37.6436729	127642,Moscow,проезд Дежнёва,7
Магнит	55.8765385	37.6510138	127221,Moscow,Сухонская улица,7А
Пятёрочка	55.8776219	37.637016100000004	127282,Moscow,Полярная улица,18
Катоп	55.870132999999996	37.6339561	127081,Moscow,проезд Дежнёва,27 к1
минимаркет	55.8687157	37.638346399999996	127081,Moscow,Заповедная улица,18 к4
Перекрёсток	55.86932320000001	37.637255700000004	127081,Moscow,проезд Дежнёва,23 с1
АШАН	55.876173	37.6182411	127081,Moscow,Ясный проезд,19 с2
АШАН	55.874493799999996	37.6712717	129281,Moscow,Староватутинский проезд,12 с1
Магнолия	55.8721241	37.664547	129281,Moscow,Енисейская улица,29
Близнецы	55.87002629999999	37.6748751	129281,Moscow,улица Лётчика Бабушкина,31
Виктория	55.8758167	37.6652793000001	129281,Moscow,Староватутинский проезд,14
Билла	55.866315500000006	37.675806099999996	129281,Moscow,улица Лётчика Бабушкина,24
АШАН	55.86362220000001	37.673286299999994	129344,Moscow,улица Лётчика Бабушкина,15
Дикси	55.862044999999995	37.674626	129344,Moscow,улица Лётчика Бабушкина,10/1
Перекрёсток	55.8772142	37.6517984	127221,Moscow,Сухонская улица,9А
Билла	55.856781999999995	37.6585634	129343,Moscow,Берингов проезд,3 с6
АШАН	55.85123299999999	37.645897999999995	129329,Moscow,Снежная улица,16 к1
Магнолия	55.85229	37.637399	129323,Moscow,улица Седова,15 к2
Магнолия	55.859438	37.644586	129329,Moscow,Ивовая улица,6 с2
Виктория	55.855250899999994	37.6532179000001	129343,Moscow,Снежная улица,26
Пятёрочка	55.8515699	37.6466221000001	129329,Moscow,Снежная улица,16 к2
Пятёрочка	55.8555964	37.6524997	129343,Moscow,Снежная улица,25
Пятёрочка	55.8578541	37.6404477999999	129329,Moscow,Игарский проезд,11
Пятёрочка	55.8538561	37.66513	129343,Moscow,Уржумская улица,7
Дикси	55.852740299999994	37.6352415	129323,Moscow,улица Седова
Магнолия	55.8247608	37.6463312999999	127422,Moscow,проспект Мира,180
Виктория	55.821661399999996	37.6603778	129366,Moscow,улица Космонавтов,15
Перекрёсток Экспресс	55.837252	37.636463	129226,Moscow,Сельскохозяйственная улица,17 к1
НИКС	55.8119966	37.625544399999995	129626,Moscow,Звёздный бульвар
Магнолия	55.815506000000006	37.646938	129164,Moscow,улица Кибальчича,4/6
Лента	55.824974	37.6341480999999	129515,Moscow,1-я Останкинская улица,55
Билла	55.822232299999996	37.6231175	129515,Moscow,улица Академика Королёва,8А
Магнолия	55.821011	37.628887	129515,Moscow,улица Академика Королёва,5
Пятёрочка	55.818974600000004	37.649863399999994	129366,Moscow,Yaroslavl Street,10 к4
Билла	55.816203	37.662455	129626,Moscow,Рижский проезд,11
Азбука Вкуса	55.8097674	37.636472499999996	129085,Moscow,проспект Мира,97
АВ Daily	55.8075866	37.6380381	129626,Moscow,проспект Мира,112
Пятерочка	55.808485	37.6447849	129626,Moscow,Новоалексеевская улица,12
АЛЫЕ ПАРУСА	55.8071505	37.6358812	129085,Moscow,проспект Мира,91 к3
Магнит	55.8165819	37.6494244	129366,Moscow,Yaroslavl Street,8 к6
«Перекрёсток»	55.8155681	37.654042100000005	129164,Moscow,улица Кибальчича
Магнолия	55.81426020000001	37.6583430000001	129164,Moscow,улица Павла Корчагина,8
Перекресток	55.793164000000004	37.636472999999995	129272,Moscow,проспект Мира,92 с2
Перекрёсток	55.7962473	37.616948799999996	129594,Moscow,Шереметьевская улица,6 к1
Магнолия	55.788197399999994	37.6352532	129110,Moscow,проспект Мира,70
Перекрёсток	55.746264000000004	37.5654059	121248,Moscow,Большая Дорогомиловская улица,8
Перекрёсток	55.785674	37.6012711	127055,Moscow,Тихвинская улица,3
Азбука Вкуса	55.785656	37.636049	129110,Moscow,проспект Мира,58
Перекрёсток	55.83457489999999	37.657978	127490,Moscow,проспект Мира,188Б к1
Перекрёсток	55.78049920000001	37.6348157	129090,Moscow,Протопоповский переулок,3
Магнолия	55.7659049	37.6352246	107045,Moscow,Sretenskiy Blvd,6/1 с2
Магнолия	55.762226	37.636699	101000,Moscow,Krivokolennyy Lane,12 с1
	55.765490299999996	37.6361153	101000,Moscow,Тургеневская площадь,2
	55.7623093	37.6274224	109012,Moscow,улица Кузнецкий Мост,21/5
Дикси	55.7647723	37.6397182000001	105062,Moscow,Чистопрудный бульвар,1А
Азбука вкуса Daily	55.759436300000004	37.6450174	105062,Moscow,Чистопрудный бульвар,15/16
Билла	55.7735249	37.656256299999995	107140,Moscow,Комсомольская площадь,2
Магнолия	55.758114299999995	37.6390431	101990,Moscow,Pokrovka Street,2/1 с1
Перекрёсток	55.7591841	37.6247754	109012,Moscow,25
Мираторг	55.7720726	37.647749299999994	107078,Moscow,улица Маши Порываевой,34
Перекресток	55.757726899999994	37.6174880999999	103265,Moscow,улица Охотный Ряд,2
Магнолия	55.768055000000004	37.6245719	107045,Moscow,Kolokolnikov Lane,3 с2
Азбука Вкуса	55.74451020000001	37.613105700000006	119072,Moscow,Serafimovicha Street,2
Магнолия	55.777251	37.628352899999996	129090,Moscow,Meshchanskaya Street
Азбука	55.7659177	37.6225284	127051,Moscow,Trubnaya Sq,2
Глобус Гурмэ	55.760608999999995	37.619815	107031,Moscow,улица Петровка,2
АВ Daily	55.7406973	37.6299146	115035,Moscow,Новокузнецкая улица,1 с3
Магнолия	55.740654000000006	37.617141100000005	119180,Moscow,Bolshaya Polyanka St,7/10 с1
Дикси	55.737715	37.6314367	115054,Moscow,Новокузнецкая улица,13 с1
АШАН	55.74446700000001	37.6301389	115035,Moscow,Bolshoy Ovchinnikovskiy Lane,16
Магнолия	55.7425611	37.634193700000004	115184,Moscow,Bolshaya Tatarskaya Street,13 с5
Билла	55.7437611	37.6340987	115035,Moscow,Ovchinnikovskaya Embankment,22/24 с1
Магнолия	55.734036399999994	37.6385647	117998,Moscow,Tatarskaya Street,7 с1
Перекрёсток	55.735381200000006	37.6189293	119180,Moscow,1st Khvostov Lane
Перекрёсток Экспресс	55.7329872	37.6396969	115054,Moscow,улица Зацепский Вал,4 с2
Дикси	55.73005229999999	37.630615999999996	115054,Moscow,Valovaya St,21 к125
Перекрёсток	55.723533999999994	37.610284	115419,Moscow,улица Шаболовка,10 к2
Магнолия	55.78969820000001	37.6126317000001	103030,Moscow,Октябрьская улица,35
Азбука Вкуса	55.7354335	37.6127793000001	119049,Moscow,1st Babyegorodskiy Lane
Перекрёсток	55.78060260000001	37.666542799999995	107140,Moscow,Краснопрудная улица,13А
	55.7873409	37.6139920000001	103030,Moscow,Октябрьская улица,18
Универсам Радуга	55.7881701	37.6129227	109652,Moscow,Трифоновская улица,4
	55.7321585	37.6115677	119049,Moscow,Bolshaya Yakimanka Street,50
Перекрёсток	55.68001170000001	37.57531229999999	117218,Moscow,Новочерёмушкинская улица,26 к1
Универсам Морозко	55.68544	37.568459999999995	117292,Moscow,улица Кедрова,7А
Магнолия	55.832997399999996	37.5322527000001	125315,Moscow,Большая Академическая улица,39
Билла	55.82435529999999	37.5281623999999	127299,Moscow,Большая Академическая улица
Магнолия	55.689634999999996	37.5668450000001	117292,Moscow,улица Дмитрия Ульянова,10/1 к1
Билла	55.68929	37.582569	117036,Moscow,улица Винокурова,4 к1
Супермаркет Сити	55.6834064	37.5800203	117218,Moscow,Новочерёмушкинская улица,16
Азбука Вкуса	55.684155000000004	37.5687	117292,Moscow,Профсоюзная улица,16/10
Дикси	55.842461300000004	37.5532029999999	125183,Moscow,Большая Академическая улица
Гурман	55.84073000000001	37.5486510000001	125183,Moscow,Большая Академическая улица,67
Виктория	55.6330454	37.5215384000001	117647,Moscow,Профсоюзная улица,109
Виктория	55.6696917	37.5529859000001	117393,Moscow,Профсоюзная улица,56
Перекрёсток	55.636229500000006	37.5211386	117647,Moscow,Profsoyuznaya ulitsa,118
Перекрёсток	55.6560304	37.541281	117630,Moscow,Профсоюзная улица,61А
Азбука Вкуса	55.679092000000004	37.559878999999995	117335,Moscow,Нахимовский проспект,61
Азбука Вкуса	55.6655691	37.5476083	117420,Moscow,улица Намёткина
Дикси	55.645296200000004	37.525426200000005	117485,Moscow,Профсоюзная улица,98 к1
Перекрёсток	55.62892420000001	37.5175511	117647,Moscow,улица Академика Капицы,34/121
Дикси	55.622789000000004	37.506232000000004	117632,Moscow,Профсоюзная улица,152 к2 с2
Перекрёсток	55.6659556	37.5455317999999	117420,Moscow,улица Намёткина,3
Билла	55.65065229999999	37.5600343999999	117246,Moscow,улица Обручева,55А
Дикси	55.678340000000006	37.561001	117335,Moscow,Нахимовский проспект,57
Магнолия	55.672204	37.550668	117042,Moscow,улица Гарибальди,21
Магнолия	55.667173999999996	37.5671514000001	117418,Moscow,улица Цюрупы,28
Дикси	55.663724800000004	37.551710299999996	117420,Moscow,улица Намёткина,9
Дикси	55.667331999999995	37.577160799999994	117418,Moscow,Зюзинская улица,3
АТАК	55.654416000000005	37.524273	117485,Moscow,улица Бутлерова,3А
Азбука Вкуса	55.6017687	37.4830082999999	117465,Moscow,Калужское шоссе,8Б
Перекрёсток	55.645242	37.521213	117437,Moscow,улица Миклухо-Маклая,37
EUROSPAR	55.644540299999996	37.5200526	117437,Moscow,улица Миклухо-Маклая,18 к3
Билла	55.6399772	37.5328823	117279,Moscow,улица Миклухо-Маклая,36А
Азбука вкуса	55.642696799999996	37.5247264	117437,Moscow,Профсоюзная улица,104
AB Daily	55.642697600000005	37.5247237	117437,Moscow,Профсоюзная улица,104
АШАН	55.64102679999999	37.5307546	117279,Moscow,улица Миклухо-Маклая,32А
Дикси	55.649366799999996	37.5287042	117485,Moscow,Профсоюзная улица (дублёр)
Билла	55.626454200000005	37.5202506000001	117647,Moscow,улица Академика Капицы,28
Магнит	55.639348	37.512806	117437,Moscow,улица Академика Арцимовича,13
Перекрёсток	55.644293999999995	37.494824	117513,Moscow,улица Островитянова,7
Авоська	55.63249820000001	37.5375718	117279,Moscow,улица Островитянова,43А
Теплый Стан	55.61856289999999	37.501939	117465,Moscow,улица Тёплый Стан,1Б с1
Перекрёсток	55.626217000000004	37.486101	117465,Moscow,улица Генерала Тюленева,2
Билла	55.62574	37.4839031	117465,Moscow,улица Генерала Тюленева,4А с3
Азбука Вкуса	55.64599079999999	37.4859888	117513,Moscow,улица Островитянова,2
Перекрёсток	55.619831000000005	37.4880927	117465,Moscow,улица Генерала Тюленева
Пятерочка	55.646069999999995	37.4779033	117513,Moscow,Ленинский проспект,127
Пятерочка	55.6235316	37.5069473	117632,Moscow,Профсоюзная улица,146 к1
Магнит	55.63074079999999	37.5146357	117632,Moscow,Профсоюзная улица,128 к3
Виктория	55.618435600000005	37.5070831	117632,Moscow,Профсоюзная улица,129А
Дикси	55.631496	37.4786471	117133,Moscow,улица Академика Варги,4А
Перекрёсток	55.59538249999999	37.5416038	117593,Moscow,Голубинская улица,28
Перекрёсток	55.6100537	37.5362357	117588,Moscow,Ясногорская улица,2
Перекрёсток	55.60682070000001	37.5363381	117593,Moscow,Новоясеневский проспект,11
Перекрёсток	55.6003005	37.5390583999999	117463,Moscow,улица Паустовского,6 к1
Перекрёсток	55.6120341	37.5377747	117593,Moscow,Литовский бульвар,22
EUROSPAR	55.6102814	37.551525	117593,Moscow,улица Рокотова,5
Перекрёсток	55.606849	37.5127537999999	117574,Moscow,Голубинская улица,5 к1
Дикси	55.604369999999996	37.53451810000001	127566,Moscow,Ясногорская улица,13 к1
супермаркет	55.60715450000001	37.5129211999999	117574,Moscow,Голубинская улица,5 к1
Дикси	55.649400899999996	37.567159100000005	117246,Moscow,Балаклавский проспект,54
Битцевский Лес	55.6275068	37.535107399999994	117321,Moscow,Тютчевская аллея
Логоспринт	55.607575	37.577047	117570,Moscow,улица Красного Маяка,26
ВкусВилл	55.6402726	37.5327925	117279,Moscow,улица Миклухо-Маклая,36А
